Museu Casa do Pontal ; Estrada do Pontal, 3295, Recreio dos Bandeirantes.

Museu de Arte Moderna (MAM) ; Av. Infante Dom Henrique, 85, Parque do Flamengo.

Museu da cachaça ; Rua Nova Mantiquira 227 - Mantiquira, Paty do Alferes

Cine Bom Jardim ; Rua Miguel de Carvalho, Bom Jardim , Rio de Janeiro

Teatro Carlos Gomes ; Praça Tiradentes, Centro.

Casarão da Cultura ; Rua Felicíssimo Faria Salgado, 16, Centro

Matrizes que Fazem ; Rua Dalmir da Silva, lote 08 - Sacramento

Galeria de Arte La Salle ; Rua Gastão Gonçalves, 79, Santa Rosa, Niterói

Cia Articulação ; Maracanã - Rio de Janeiro

Imperator - Centro Cultural João Nogueira ; Rua Dias da Cruz, 170, Méier.

Casa de Casimiro de Abreu ; Praça As Primaveras, s/nº, Centro, Barra de São João.

Cine Vitória ; R. Luiz da Rocha Miranda, 117 - Campos Elisios Resende - RJ

Concha Acústica ; Praça São Pedro

Instituto de Artes Integrartes ; Rua Heitor de Moura Estevão, 131, Centro

Centro de Atividades Comunitárias ; Avenida Zacaron, 25, Mont Serrat

Centro Popular de Conspiração Gargarullo ; Avenida Roberto Silveira, 619 

Museu Janete Costa de Arte Popular ; Rua Presidente Domiciano, 178-182, São Domingos

Casa da Cultura de Aperibé ; Praça Francisco Blanc, s/n, Centro.

Casa de Cultura Cocco Barçante ; Rua Coronel Veiga, 1734  

Centro de Artes Visuais ; Rua Alita do Valle, Praça da Cidadania, Algodoal

Real Gabinete Português de Leitura ; Rua Luiz de Camões 30, Centro.

Solar do Barão do Sahy ; Rua Coronel Moreira da Silva, 173, Mangaratiba - RJ

Fundação Casa de Rui Barbosa ; Rua São Clemente, 134, Botafogo, Rio de Janeiro

Teatro João Caetano ; Praça Tiradentes, Centro - Rio de Janeiro

Casa da Marquesa de Santos ; Av. Pedro II, 293, São Cristóvão, Rio de Janeiro   

Casa de Cultura Professor Adelino de  Campos Tavares ; Rua Antônio Lopes de Oliveira, 40, Conceição de Macabu - RJ

Cine Carioca Nova Brasilia ; Rua Nova Brasília, s/n - Praça Nossa Senhora de Fátima, Bonsucesso

Casa de Cultura Walmir Ayala ; Rua Cel. Madureira 77, Saquarema

Museu Francisco Alves ; Avenida Roberto Silveira (Castelinho dentro do Jardim Municipal Francisco Marinho Andreiolo) s/n, Centro

Biblioteca Pública de Niterói ; Praça da República, s/n, Centro 

Teatro Municipal Trianon ; Rua Marechal Floriano, 211 - Centro

Cineclube Macaé Petrobras ; Rua Doutor Francisco Portela s/n, Centro

Centro Hugo Paulo de Oliveira ; Avenida Amazonas, Rio das Ostras - Rio de Janeiro

Museu Rodoviário ; Praça João Werneck, 173 - Mont'Serrat

Sobrado Cultural ; Córrego de Santo Antonio, s/nº - distrito de Barra Alegre. Estrada que liga São Pedro da Serra (Nova Friburgo) e Santo Antonio (Bom Jardim) , próximo ao  Clube Boa Sorte.

Casa de Cultura Bento Costa Jr ; Rua Dr Bento Costa Júnior, 70 - Rio das Ostras 

Casa da Cultura de Belford Roxo ; Av. Bob Kennedy 

Estação Cultural ; Rua Pres. Getúlio Vargas, 15 - Carapebus - RJ

Centro Cultural Maestro José Figueira ; Praça Manoel Congo s/nº,  Centro

Casa de Cultura Léa Pentagna ; Rua Vito Pentagna, 213, Benfica, Valença - RJ

Teatro Municipal João Caetano ; Rua Quinze de Novembro, 35, Niterói

Livraria Prosa e Verso ; Rua Faustino Pinheiro, 196 - Quatis - RJ, 27410-130 

Museu Sociorreligioso Dom Clemente José Carlos Isnard ; Praça José Bonifácio Tassara - Conceição de Macabu, RJ

Nossa Galeria de Arte ; A Nossa Galeria de Arte está em busca de uma nova sede.

Horto-Escola Artesanal ; Rod. Amaral Peixoto,   São Pedro da Aldeia 

Centro de Cultura e Artes Canteiro de Obras ; Rua 1, quadra 05, lote 56, galpão 2, Jardim Inoã  (RJ-106- Km 16) 

Templo do Rock ; Avenida Vila Mar, s/nº, Itaúna.

Espaço Cultural Antônio Carlos  Figueiredo ; Praça José Bonifácio Tassara, 1, Centro

Casa de Cultura de Itaguaí ; Rua Ismael Cavalcanti

Casa - Ateliê Carlos Scliar ; R. Marechal Floriano, 253 - Centro, Cabo Frio - RJ 

Museu de Arqueologia de Itaipu ; Praça do Canhão, s/nº, Itaipu

Teatro Municipal de Araruama ; Praça Antonio Maria Raposo, s/n, Centro.

Biblioteca Pública Machado de Assis ; Rua Ismael Cavalcanti 

Casa Darcy Ribeiro ; Rua Cento e Dezenove, Maricá - Rio de Janeiro

Casa da Cultura da Baixada ; R. Machado de Assis,Vilar dos Teles.

Aldeia de Arcozelo ; Avenida Paschoal Carlos Magno, 450, Arcozelo, Paty do Alferes - RJ

Casa da Cultura de Itatiaia ; Rua Antônio Gomes de Macedo, 331, Itatiaia - RJ

Biblioteca Joaquim Manuel de Macedo ; Praça Marechal Floriano Peixoto, 39.

Casa da Cultura de Laje do Muriaé ; Rua Ferreira César, 31, Praça da Cultura, Centro.

Casa da Cultura Gabriel Joaquim dos Santos ; Rua Francisco Coelho Pereira, 255, Centro

Museu Arqueológico de Araruama ;  Praça São Sebastião, 148, Centro. 

Theatro Municipal Mariano Aranha ; Avenida Ayrton Senna, 238

Praça Professor João Brasil ; Praça Professor João Brasil, Centro.

Biblioteca Professor Walter Nogueira ; Praça Dom Pedro II, 47 - Centro, Cabo Frio - RJ

Espaço dos artesãos - Artenossa ; Praça Salim Chimeli, 135, casa 1

Centro Cultural Padre Peter Joseph Corbett ; Rua Eurico Cerbino, 200, Centro.

Centro de Cinema Petrobras ; Avenida Visconde do Rio Branco, 1354 - São Domingos

Casa de Cultura Charitas ; Av. Assunção, 855 - Marlin, Cabo Frio - RJ

Associação Sociocultural e Ambiental de Triunfo ; Praça Cel. José Teixeira Genet Houd, Triunfo (antigo prédio da Cooperbana)

Casa dos Azulejos ; R. São Pedro, 147,  São Pedro da Aldeia 

Salão Nobre do Colégio Estadual São Fidélis ; Praça Guilherme Tito de Azevedo, 20, Centro

Museu Tiradentes ; Rua Miguel Pereira, s/nº - Inconfidência, Paraíba do Sul.

Teatro Municipal João Caetano ; Praça Marechal Floriano Peixoto, 200, Itaboraí - RJ

Museu Histórico Solar do Barão de Vila Flor ; Praça Guilherme Tito de Azevedo, 135, Centro

Centro Cultural Ione Pecly ; Av. Raul Veiga, Cordeiro - RJ

Museu de Arte Moderna de Resende ; R. Dr. Cunha Ferreira, 104 - Centro - Resende - RJ, 27511-230

Cine Teatro Jayme Coelho ; Rua Professor Lavaquial Biosca, s/n° - Bairro Dirley Perlingeiro de Abreu 

Centro Cultural AIA ; Rua Elias Carvalho Gama nº 132 , Centro

Centro Cultural Zacharias Rodrigues Netto ; Avenida David Vieira Ney, s/nº, Centro.

Centro Cultural Deputado Luiz Eduardo Maron de Magalhães ; Av. Pres. Tancredo Neves -  Japeri

Biblioteca Municipal Professora Elma Vieira Privatti Caldeira ; Rua Joel Reis, 143, Centro

Centro Intereducacional de Cultura e Artes ; R. Prefeito José da Silva, 55, Cachoeiras de Macacu - RJ, 28680-000

Teatro Municipal Kiud ; Rua Elias Carvalho Gama nº 132 , Centro

Espaço Cultural José Carlos de Barcellos ; Estrada do Correio Imperial, 1834, Quissamã - RJ

Centro Cultural Sobradinho ; R. Comendador José Julião, 206, Quissamã - RJ

Casa de Artes Machadinha ;  Estrada da Machadinha, Rodovia QSM-010, s/n, Quissamã

Centro Cultural de Pinheiral ; Rua Domingos Mariano, 113, Pinheiral - RJ

Calçada das Artes ; Praça Faria Souto, Beira Rio.  

Abadá-Capoeira de Nova Iguaçu ; Rua Simão Soichet, 774, Centro

Casa da Cultura Professora Leny Jales Bellieny ; Rua Joel Reis, 143, Centro

Sociedade Musical e Artística Lira de Ouro ; Rua José Veríssimo 72, Centro, Duque de Caixas.

Casarão ; R. Dez de Junho, 218 

Espaço Cultural Luciano Bastos ; Praça Amaral Peixoto, 13, Centro

Casa de Cultura de Sapucaia ;  Rua Fernando Mauro Janotti Silva, 130, Pátio da Estação, Centro, Sapucaia

Cinema Cacá Diegues ; Rua Everaldo do Vale Moreira, s/nº, Centro, perto da Praça Governador Portela, Duas Barras - RJ

Centro Cultural Professor Jair Nunes Macuco ; Praça Princesa Isabel, 92 - Centro, Carmo - RJ

Vilmar Madruga Ateliê ; Avenida José Bento 2900, Armação dos Búzios - Rio de Janeiro

Gran Cine Bardot ; Travessa dos Pescadores, 88 - Centro, Armação dos Búzios - RJ

Museu de Arte Sacra ; Igreja Matriz de São Fidélis de Sigmaringa

Fábrica Bhering ; Rua Orestes, 28 - Santo Cristo

Casa da Cultura Themis Alvares Gomes ; Praça Governador Portela, n° 07 , Centro.

SESC Nova Friburgo ; Avenida Presidente Costa E Silva 231, Nova Friburgo - Rio de Janeiro

Galeria de Arte Hindemburgo Olive ; Av. Rui Barbosa, 780, Centro

Casa da Cultura Simonides Guimarães ; Rua Begônias 4, Iguaba Grande - Rio de Janeiro

Centro Cultural Fundação CSN ; Rua Vinte e Um, 402, Vila Santa Cecilia

Centro Cultural Rinha das Artes ; R. Dr. Júlio Olivier, 633, Centro

Palácio Cultural Carlos Martins ; Rua Senhor dos Passos, 121, Centro

Centro Cultural Narcisa Amália ; Rua Barão de Barcelos, 20, Centro

Centro Cultural João Oscar do Amaral Pinto ; Rua Joaquim Thomaz de Aquino Filho, s/n°, Centro

Teatro Carequinha ; Rua Oliveira Botelho, s/nº, Neves, São Gonçalo - RJ

Casa de Cultura Estação Casimiro de Abreu ; Praça Lúcio André, s/nº, Centro.

Biblioteca Pública Municipal Euclides da Cunha ; Rua Josefina Gasparian, 6, Centro

Theatro Dom Pedro ; Praça dos Expedicionários - Rua Nilo Peçanha, 51, Centro, Petrópolis - RJ

Museu da Cidade de Macaé ; Rua Conde de Araruama, 248 - Centro, Macaé - RJ.

Casa das Artes Villa Real ; Rua Cel. Moreira César, s/nº, Zé Garoto, São Gonçalo - RJ

Estação das Artes Derly Machado ; Avenida Rotary, Centro (em frente ao Estádio Municipal)

Museu Vicente Celestino ; Rua Pedro Gomes, 50, Conservatória 

Casa Victorino Carriço ; Rua Nilo Peçanha 2, Praia dos Anjos.

Centro Jackson do Pandeiro ; Av. Presidente Vargas, s/n - Centro, ao lado da Estação Ferroviária

Sobrado José Francisco Lippi ; Km 15 da Estrada Teresópolis - Friburgo, Venda Nova

Casa do Artesão ; Rua Edgard Coutens de Menezes, 47, Pontinha.

Casa de Vidro José de Dome ; Av. Governador Leonel de Moura Brizola - Praia Grande

Casa Beira Rio ; Rua Bernardo Gomes 734, Barra de São João, Casimiro de Abreu - Rio de Janeiro

Museu Olavo Cardoso ; Avenida Sete de Setembro, 222, Centro

Casa da Memória Arthur Dalmasso ; Praça Baltazar da Silveira, 91, Várzea

Biblioteca Pública Municipal Emmanuel Guimarães ; Rua Aniceto de Medeiros Corrêa, 156, Centro

Museu Casa de Santos Dumont ; Rua do Encanto, 22, Centro, Petrópolis - RJ

Casa do Artesão ; Praça Antônio Amado, 118, Porciúncula.

Praça Santos Dumont ; Praça Santos Dumont, Armação dos Búzios - Rio de Janeiro

Cinema Santa Rosa ; Avenida Presidente Kennedy 1557, Centro.

Teatro da Escola de Música Santa Cecilia ; Rua Marechal Deodoro, 192, Centro, Petrópolis - RJ 

Palácio da Cultura ; Praça da Bandeira, s/nº, Parque Avenida Pelinca

Teatro Municipal ; Rua Aníbal Amado do Valle, Cabo Frio - Rio de Janeiro

Associação Cara da Rua ; Rua Laurindo Alvim Pereira, 420, Cruzeiro

Centro Cultural Joaquim Lavoura ; Av. Pres. Kennedy, 721, Estrela do Norte, São Gonçalo ? RJ

Museu Chácara do Céu ; Rua Murtinho Nobre, 93, Santa Teresa, Rio de Janeiro  

Biblioteca Otacília Barbosa Figueira ; Praça Rui Barbosa, Itaocara - Rio de Janeiro

Cinema Center ; Avenida Mal. Floriano Peixoto, 1480, Centro

Cine Candido Mendes ; Rua Joana Angélica, 63, Ipanema

Museu Ferroviário de Miguel Pereira ; Rua General Ferreira Amaral, Miguel Pereira,RJ,,26900-000

Centro de Convenções Ataíde Faria Leite ; Rua Prof. Honório Silvestre, 228, Centro, Aperibé.

Biblioteca Popular Lídice Rodrigues ; Rua Carlos Ermelindo Marins, 34, Jurujuba

Sala Chico Tabibuia ; Rod. Amaral Peixoto, km 107,  Cabo Frio

Museu Nacional ; Quinta da Boa Vista, s/n, São Cristóvão, Rio de Janeiro

Escola de Música Cristo Rei ; Rua Quinze de Novembro, 393, Centro, Bom Jesus do Itabapoana - RJ

Parque das Ruínas ; Rua Murtinho Nobre 169, Santa Teresa

Centro de Referência de Estudo Afro do Sul Fluminense ; Rua Bulhões de Carvalho, 146, Pinheiral - RJ

Cine Teatro Oscarito ;  Rua São Elias, 13, Divino

Centro de Cultura Jandira Telles Leme Pragana ; Praça João XXIII, 99, Centro 

Cine Show Angra dos Reis ; Estrada Municipal, 200

Casa da Ipiranga ; Rua Ipiranga, 716, Centro, Petrópolis - RJ

Biblioteca Pública Celeiro das Letras do Distrito de Arrozal ; Praça São João, s/n, Arrozal, Piraí 

Museu Municipal Estação da Memória ; Rua Olavo de Castro Lobo, 200, Bondarovsky

Fábrica do Conhecimento ; Rua Ministro Sebastião de Lacerda - Paracambi, RJ

Biblioteca Municipal Silvestre Mônaco ; Rua Jornalista Sardo Filho, s/nº, Ilha da Conceição

Centro Cultural Correios ; Rua Visconde de Itaboraí, 02, Centro, Rio de Janeiro - RJ, 20010-060     

Museu do Futuro ; Sítio São José dos Frades - Km 20 da Estrada Teresópolis-Friburgo, Bonsucesso

Biblioteca Damião Ferreira Tavares ; Rua Alcindo Guanabara, 120, Centro.

Museu Histórico Nacional ; Praça Marechal Âncora, Centro.

Centro Municipal de Arte Hélio Oiticica ; Rua Luís de Camões, 68, Centro Rio de Janeiro - RJ 20060-040  

Biblioteca da Universo ; Rua Marechal Deodoro 217, Niterói - Rio de Janeiro

CAD - Centro de Atividades  Diversificadas ; Rua Maria Adelaide, 16, Conceição de Macabu - RJ

Centro Cultural Fazenda da Posse ; Rua Dario Aragão, 2  Centro, Barra Mansa, RJ

Museu Capitão Pitaluga ; Rua Comendador Antonio Jannuzzi, 415  

Museu de Cera de Petrópolis ; Rua Barão do Amazonas, 35, Centro - Petrópolis -RJ, 25685-070

Casa do Poeta e Ateliê ; Rua Luiz de Almeida Pinto, 36, Conservatória - RJ

Cinemaxx Unigranrio Caxias ; Rua Marquês de Herval , Jardim Vinte e Cinco de Agosto.

Biblioteca Rui Barbosa ; Estrada Senador Salgado Filho, 44, Olinda.

Cine Show Teresópolis ; Rua Edmundo Bittencourt, nº 101, Loja 201, Várzea , Teresópolis

Teatro Cacilda Santa Rosa ; R. Raul Veiga, 485 - Centro, Cabo Frio

Escola do Carnaval ; Rua Wallace Soares, 5 e 6 - Centro

Museu da Santa Casa ; Rua Coronel Leite Pinto, 105, Centro

Arena Victorino Carriço ; Av. Liberdade - Praia dos Anjos, Arraial do Cabo

Teatro Mário Lago ; Rua Jaime Redondo, 2, Bangu - Rio de Janeiro     

Centro Cultural de Nilópolis ; Avenida Getúlio de Moura, 1175, Centro.

Cine -Teatro Quatis ; Rua Nossa Senhora do Rosário 185, Quatis - Rio de Janeiro

Biblioteca Municipal de Nova Friburgo ; Rua Farinha Filho 50, Centro. 

Casa da Cultura ; Praça São Sebastião, 224, Centro  

Cine Iguaçu Top ; Avenida Governador Roberto Silveira, 540

Biblioteca Universo em Desencanto ; Rua Maestro Felício Toledo, 551, Centro, Niterói

Cine Art Bauhaus ; Rua Dr. Nelson de Sá Earp, 88, Centro, Petrópolis - RJ

Casa de Cultura José Cândido de Carvalho ; Rodovia Raul Souto Maior, s/n°, distrito de Goytacazes

Galeria de Arte UBM - Clécio Penedo ; Rua Vereador Pinho de Carvalho, 267, Centro, Barra Mansa - RJ

Museu Silvio Caldas, Nelson Gonçalves, Gilberto Alves e Guilherme de Brito ; Rua Dr. Luís de Almeida Pinto, 44, Conservatória 

Escola de Música Jemaj ; Rua Vinte e Um de Abril, 115 - Bom Jesus do Itabapoana - RJ

Centro Cultural Bernardo Monteverde ;  Avenida Oliveira Botelho, 210/sobreloja, Alto

Cine Show Barra do Piraí ; Rua Coronel Carlos Araújo, nº 60, Andar 2 - Mercado Municipal - Centro 

Cine Recreio ; Cinama de Cabo Frio, Praça Porto Rocha, 134 - 2º andar - Cabo Frio 

Castelinho do Flamengo ; Praia do Flamengo, 158, Flamengo, Rio de Janeiro 

Biblioteca do Museu Imperial ; Rua da Imperatriz, 220, Centro, Petrópolis - RJ, 25610-320

Museu da Vida ; Av Brasil, 4365, Manguinhos, Rio de Janeiro 

Auditório da Escola Joaquim Mendes ; Rua Maria Elisa Mendes s/nº, Centro, Morro Azul 

Parque Sara Areal ; Rua Gonçalves Dias, s/n, Nova Cidade.

Museu da Roça ; Rua Doutor Carlos Haasis, 59, Quatis - Rio de Janeiro

Biblioteca Pública Celeiro das Letras do Distrito de Santanésia ; Rua Professora Heloisa Beatriz Figueira, 488 - Santanésia - Piraí - RJ

Casa de Cultura Villa Maria ; Rua Barão Lagoa Dourada, 234, Jardim Maria de Queiroz

Solar Grandjean de Montigny ; Rua Marquês de São Vicente, 225 , Gávea - Rio de Janeiro/RJ

Biblioteca Pública Municipal de São Gonçalo ; Av. Presidente Kennedy, 721, Estrela do Norte, São Gonçalo - RJ

Praça das Colônias ; Praça das Colônias, do lado da Praça do Suspiro

Biblioteca Télio Barreto ; Rua Dr. Télio Barreto, 420, Centro

Escola de Música Chiquinha Gonzaga ; Rua Amélia Louzada, 501, Centro.

Biblioteca Pública Maria da Conceição Almada Passos ; Praça Garcia, 96, Paraíba do Sul - Rio de Janeiro

Biblioteca Municipal Cial Brito ; R. Getúlio Vargas, 51, Centro

Biblioteca Comunitária Boa Vontade ; Avenida Ideal, 407,

Casa de Cultura Afro-Brasileira ; Rua Fagundes Varela, 378, Ingá

Mineirão ; Rua Vereador José Gramático, 157, Centro

Caixa Cultural ; Avenida Almirante Barroso, 25, e Avenida Chile, 230, Centro.

Cine 10 Sulacap ; Carrefour Sulacap - Avenida Marechal Fontenele, nº 3.555 - Jardim Sulacap, Rio de Janeiro

Instituto Histórico e Geográfico de São João de Meriti ;  Avenida Automóvel Clube, 206, Centro

Círculo Artístico de Saquarema (CACS) ; Lake's Shopping, Avenida Saquarema 567

Multiplex Caxias Shopping ; Rodovia Washington Luiz, 2.895,  Vila Guanabara.

Biblioteca Waldemar Belém Teixeira Ponciano ; Rua Dez de Junho, 165.

Biblioteca Pública  Celeiro das Letras do Bairro de Varjão ; Praça do Varjão, 3 , Piraí - RJ 

Biblioteca José Ribeiro dos Santos Halm ; R. Hortência, 6 - Vila do Tinguá - Queimados

Centro Social Multiuso Pedro da Costa Moreira ; Rua das Begonhas 4, Iguaba Grande - RJ

Biblioteca Henriqueta da Costa Marotti ; Rua Lauro Gonçalves s/nº, Glicério.

Biblioteca da Universidade Católica de Petrópolis ; Rua Benjamim Constant, 213, Centro, Petrópolis -RJ

Biblioteca Municipal Maria Ilza Rocha de Almeida ; Rua Francisco Lopes Martins, 189, Centro.

Galeria Konzept Annex ; Comary Shopping Center - Praça Higino da Silveira, 161, lojas 316 e 317, Alto

Cineclube do CEAC ; Shopping Villagio Valparaiso - Rua Visconde do Uruguai, 53, Valparaíso, Petrópolis - RJ

Centro de Memória Fluminense ; Campus Gragoatá da UFF - Av. Rio Branco, s/nº, Gragoatá, Niterói

Espaço Cultural Antônio Fraga ; R. Hortência, 6 - Vila do Tinguá

Teatro Espaço ; Rua Dona Geralda, 327, esquina com Rua Santa Rita

Espaço Cultural Anna Marcia Mixo ; Rua Tabelião Murilo Costa, 234

Galeria de Arte UBM - Unidade Cicuta ; Rua 35, 714, Fazenda Santa Cecília, Barra Mansa - RJ

Museu André Gustavo Paulo de Frontin ; Rua Major Tofani s/nº, Centro   

Museu Carmem Miranda ; Avenida Rui Barbosa, 560, Flamengo

Centro Cultural de Guapimirim ; Rua Itacoatiara, s/nº, Centro

Estação Vivo Gávea; Shopping da Gávea - R. Marquês de São Vicente, 52, 4º andar
 
Estação Sesc Rio; Rua Voluntários da Pátria, 35, Botafogo  

Estação Sesc Botafogo; Rua Voluntários da Pátria, 88, Botafogo

Estação Sesc Ipanema; Rua Visconde de Pirajá, 60

Teatro Barão de Nova Friburgo ; Av. Conselheiro Julius Arp, 140 - Olaria   Nova Friburgo - RJ,

Morada do Samba ; Av. Morada do Samba, s/nº, Praia do Siqueira.

Ponto Cine ; Guadalupe Shopping  -  Estrada do Camboatá, 2300, Guadalupe - Rio de Janeiro

Museu Histórico de Campos dos Goytacazes ; Praça Santíssimo Salvador, 40

Biblioteca do ICBEU ; Rua Dr. Francisco Portela, 2.772, Zé Garoto, São Gonçalo - RJ

Museu de Imagens do Inconsciente ; Rua Ramiro Magalhães, 521, Engenho de Dentro, Rio de Janeiro   

Teatro de Arena ; Praça Antonio Maria Raposo, s/n, Centro.

Espaço Cultural Na Encolha ; Rua Manoel Silva Falcão, 739, Califórnia 

Cine Joia ; Av. Nossa senhora de Copacabana, 680, subsolo H, Sala 1, Copacabana , Rio de Janeiro

Espaço de Leitura Tatiana Belinky ; Av. Almirante Tamandaré, 133, Piratininga. Niterói

Museu Von Martius ; km 98 da Estrada Rio-Teresópolis (Rodovia Santos Dumont)

Centro de Integração da Cultura Afro-Brasileira ; Rua Darcy Vargas, 89, Centro.

Biblioteca Municipal Gabriela Mistral ; Praça Visconde de Mauá, 305, Centro, Petrópolis - RJ

Cine Itaipava ; Shopping Estação Itaipava, Estrada União e Indústria, 11.000, Itaipava, Petrópolis - RJ

Biblioteca Pública Municipal de Quissamã ; R. Comendador José Julião, 206, Quissamã - RJ

Teatro Marlice Margarida ; R. Vereador Marinho Hemetério de Oliveira - Queimados - RJ

CineSystem Recreio Shopping; Av. das Américas, 10.019, Recreio dos Bandeirantes 

CineSystem Via Brasil Shopping; Rua Itapera, 500, 3º piso, Irajá  

CineSystem Ilha do Governador; Ilha Plaza Shopping , Av. Maestro Paulo e Silva, 400, Pav 6 , Parte G3, Jard

Biblioteca Pública Municipal Ana Mariana Barbosa ; Rua Miguel Pereira, s/nº, Inconfidência, Paraíba do Sul - Rio de Janeiro

Centro Cultural PRO-ARTE ; Campus do Centro Universitário Serra dos Órgãos (UNIFESO) - Rua Gonçalo de Castro, 85, Alto

Salão Paroquial da Matriz N.S. das Dores ; Praça Presidente Castelo Branco, 144, Areal, Rio de Janeiro

Biblioteca Coryntho de Souza ; Praça. Roger Malhardes, s/nº, Centro    

Ateliê Artimpério ; Rua Barão de Vassouras, 19 – Casario Shopping

Biblioteca Renato Peixoto ; Avenida Simão da Motta, 866, Centro.

Museu da História de Barra Mansa ; Rua Custódio Ferreira Leite, 1, Barra Mansa - RJ

Biblioteca do Instituto Teológico Franciscano ; Rua Coronel Veiga, 550, Centro, Petrópolis - RJ

Teatro Municipal de Nova Friburgo ; Praça do Suspiro, s/nº , Teleférico, Nova Friburgo - RJ

Biblioteca Dr Jandyr César Sampaio ; Rua do Rosário, 741 - Centro

Espaço Museu da República ; Rua do Catete, 153, Catete 

Espaço Quatis é Cultural ; Rua Faustino Pinheiro, 110,  Quatis - RJ

Via Show ; Rua Maria Soares Sendas, 105, Vilar dos Teles, São João de Meriti - RJ

Biblioteca Comunitária Visconde de Sabugosa ; Rua São José do Ouro, lote 28, quadra 63 (Antiga rua 18), Jardim Catarina, Loteamento Velho, São Gonçalo - RJ

Biblioteca Osmar Sardemberg ; Rua José de Jesus Jr., nº 25 B, Centro, distrito de Sana.

Instituto Odé Gbomi ; R. Carlos Acióli, 288 

Museu de Comunicação e Imprensa ; Rua Doutor Lacerda Sobrinho, 39, Centro

Museu do Índio ; Rua das Palmeiras, 55, Botafogo, Rio de Janeiro

Grupo de Artistas de Maricá (GAM) ; R. Álvares de Castro, 1277, Maricá

Sala Popular de Cinema Zelito Viana ; Rua Arthur de Oliveira Vecchi, 120, Centro, Mesquita

Museu Regional da Fauna e da Flora ; Parque Nacional do Itatiaia - Itatiaia, Rio de Janeiro

Cinemark Botafogo; Botafogo Praia Shopping, Praia de Botafogo, 400, 8° piso

Cinemark Downtown; Av.das Américas, 500, Downtown, bloco 17, 2° piso, Barra da Tijuca

Cinemark Carioca; Estrada Vicente Carvalho, 909, Carioca Shopping, Vicente Carvalho

Centro Cultural Anderson Giga Byte ; Avenida Ézio Cardoso da Fonseca s/n, Cabo Frio

Casa de Cultura Arte In Foco ;  Rua Madre Filomena da Purificação, 36 , Centro, Barra Mansa, RJ 27330-350 

Academia de Letras de Vassouras ; Rua Chanceler Raul Fernandes, 121- Centro 

Top Cine Hipershopping ABC ; Rua Teresa, 1415, Petrópolis - RJ

Aldeia Cultural Casa Viva ; Estrada das Magnólias, 21, Albuquerque 

Biblioteca Profª Zulmira de Mello Batista ; Av. Boa Vista, s/n - Engenheiro Passos

Biblioteca Pública Municipal Ary Parreiras ; Rua Coronel Moreira da Silva, 173, Mangaratiba - RJ

Cine Sesc Freguesia Rioshopping ; Estrada Gabinal, 313, salas 205/07, Freguesia

Biblioteca Tristão de Athayde ; Rua Mosela, 289, Mosela, Petrópolis - RJ

Biblioteca Pública Municipal Carolina do Amaral Andrade ; Rua José Rodrigues da Silva, nº 96,  Paraíba do Sul.

Museu da República ; Rua do Catete, 153, Catete, Rio de Janeiro      

Museu Villa-Lobos ; Rua Sorocaba, 200, Botafogo, Rio de janeiro  

Biblioteca Municipal Magnólia Marinho Rego ; Rua João Pedro da Silveira, s/n - Centro (anexo ao CIEP)

Parque de Exposição Latiff Mussi ; São José do Barreto, Macaé - Rio de Janeiro

Recanto 21 ; Rua Comendador Miranda, 21, Quatis - Rio de Janeiro

Biblioteca Padaria Cultural Vovô Thodinho ; Avenida José de Souza Porto, 197, Largo da Idéia, São Gonçalo - RJ

Biblioteca Pública Municipal Demistóclides Baptista ; Rua Alberto Leal de Cardoso, s/n - Centro        

Biblioteca Pública Municipal Poeta Manoel Baptista ; Avenida José de Souza Faria, s/n°, centro (ao lado da Rodoviária)

Biblioteca Municipal Poeta João Prado ; Rua Maria Mendes Vecchi, 149, Mesquita

Cineshow Barra Mansa ; Av. Joaquim Leite, 577 , Centro, Barra Mansa - RJ

Centro de Educação Musical Catavento ; Rua dos Mineiros, 143 , Centro 

Top Cine Mercado Estação ; Rua Paulo Barbosa, 310, Petrópolis - RJ

Teatro Eduardo Kraichete ; Avenida Roberto Silveira, 123, Icaraí, Niterói

Biblioteca Antônio Paulo Capanema de Souza ; Rua Doutor Aleixo, 85, Várzea

Centro Cultural Magrácia ; R. Maurício de Abreu, Sapucaia

Museu de Arte Sacra ; Praça Governador Portela,  Duas Barras - RJ, 28650-000.

Campos Galeria de Arte ; Rua Pedro Marins, 283, Jardim Flamboyant I

Biblioteca Parque Estadual ; Avenida Presidente Vargas, 1261, Centro.

Cinépolis Lagoon ;  Av. Borges de Medeiros, 1.424, Estádio de Remo da Lagoa, Lagoa

Ponto de Leitura Joana Marchiori ; Praça da Feira, 1, Secretário, Petrópolis - RJ

Cinema Friburgo ; Praça Presidente Getúlio Vargas 139, Olaria, Nova Friburgo - Rio de Janeiro

Fundação Eva Klabin ; Avenida Epitácio Pessoa 2.480, Lagoa, Rio de Janeiro

Palácio Itamaraty ; Av. Marechal Floriano, 196, Centro, Rio de Janeiro  

Star Center Shopping Rio ; Av. Geremário Dantas, 404, Tanque, Freguesia 

Cine Magic Araruama ; Lagoa Shopping, Av. John Kennedy, 292, LJ 218, Centro. Araruama - RJ

Cine Quissamã ; R. Comendador José Julião, 206, Quissamã - RJ

Cinemagic ; Av. Vinte e Oito de Março, 574, Parque Santo Amaro

Galeria da Garagem ; Rua José Bonifácio, 11, São Domingos, Niterói

Centro Cultural Meritiense ; Rua Panamense,s/n, Vilar dos Teles, São João de Meriti.

SESC Barra Mansa ; Av. Tenente José Eduardo, 561, Barra Mansa - RJ

Centro de Atividades Culturais ; Av Alexandre Polastri Filho, 791, Ilha de São João, Volta Redonda - RJ

Multiplex Cinemark ; Rua 15 de Novembro 8, Niterói - Rio de Janeiro

Museu de Astronomia e Ciências Afins ; Rua General Bruce 586, São Cristóvão, Rio de Janeiro    

Biblioteca Cônego Leocílio Nunes ;  Av. Gov Roberto Silveira, 229

Centro Cultural do Parque Municipal ; Estrada União-Indústria, 10.000, Itaipava, Petrópolis - RJ

Museu Herberto Pinto Tavares ; Avenida Paulo Erlei Abrantes, 1325 - Três Poços

Biblioteca Professora Helena de Magalhães Giovanini ; Rua Felicíssimo Faria Salgado, 43, Centro, Varre-Sai - RJ

Centro Municipal de Cultura Professora Maria de Lourdes Tavares Soares ; Avenida Ayrton Senna, Paraíba do Sul - Rio de Janeiro

Estação Ferroviária do Centro ; R. Comendador José Julião, 206, Quissamã - RJ

Biblioteca Edgar Kullman ; Estrada da Serrinha do Alambari, s/n, em Serrinha.

Silvia Cintra Galeria de Arte ; Rua Teixeira de Mello, 53, lj D, Ipanema

Centro de Música, Dança e Teatro ; Praça José Pereira Câmara, Rio das Ostras

Casa de Euclides da Cunha ; R. Maria Zulmira Torres, Cantagalo

Kinoplex West Shopping; Estrada do Mendanha, 550, loja 401 E, Campo Grande

Kinoplex Fashion Mall; Estrada da Gávea, 899, Fashion Mall, 2° piso, São Conrado 

Kinoplex Leblon; Av. Afrânio de Melo Franco, 290, Shopping Leblon, 4° piso 

Kinoplex Nova Amér;  Av. Pastor Martin Luther King Junior, 126 - Del Castilho

Teatro Municipal Geraldo Tavares André ; Rua Major Padilha, 325 - Centro, Santo Antônio de Pádua

Concha Acústica ; Praça Antonio Maria Raposo, Centro

Casa Aldeense ; R. João Martins, 126, São Pedro da Aldeia

Casa de Cultura ; Praça Pres. Getúlio Vargas, 71 - Olaria   Nova Friburgo 

Multiplex ; Rua Doutor Sílvio Bastos Tavares, 316, Parque dos Rodoviários

Casa de Cultura de Anta ; Rua Beira Linha, 96, Anta, Sapucaia - RJ

Museu de Armas Históricas Ferreira da Cunha ; Rua Ferreira da Cunha, 1 - Duques

Casa de Oliveira Vianna ; Alameda São Boaventura, 41, Fonseca, Niterói - RJ

Biblioteca Oscar Romero/ Ponto de Cultura Leitura Viva ; Rua Elpídio, 530, Vila Emil, Mesquita - Rio de Janeiro

Pavilhão Cultural ; Praça dos Estudantes, s/nº, Centro

Sala de Exibição Multimídia ; R. Gwyer de Azevedo, 10   Santa Maria Madalena - RJ, 28770-000

Cinema Bay Market ; Rua Visconde do Rio Branco, 360, Centro, Niterói - RJ

Biblioteca Carlos Elio Vogas da Silva ; Praça Antonio Maria Raposo, s/n, Centro.

Memorial Getúlio Vargas ; Rua 14, s/nº, Vila Santa Cecília

UCI New York City Center; Av. das Américas, 5.000, Barra da Tijuca  

UCI Kinoplex; Av. Dom Helder Câmara, 5.474, Pátio NorteShopping, Del Castlho  

Centro Cultural Estação Nogueira ; Av. Leopoldina, 317, Nogueira, Petrópolis - RJ

Galeria Pinakotheke Artes ; Rua São Clemente, 300, Botafogo, Rio de Janeiro

Bibliotecas ; Rua Padre Francisco Maria Talli, 10, centro, Casimiro de Abreu.

Casa Heloisa Alberto Torres ; Praça Marechal Floriano Peixoto, 303, Itaboraí - RJ

Praça do Trem ; R. Henrique Sarzedas - Liberdade, Rio das Ostras

Ponto de Cultura Beleza Negra ; Rua Joaquim Vitório, 138, Vila Vitório, Belford Roxo - Rio de Janeiro

Galeria 52 ; R. Lopes Trovão, 52, Icaraí, Niterói

Biblioteca Lemant De Cnop ; Av. Florimundo De Cnop, 341  

Biblioteca Pública Municipal Professor Cordelino Teixeira de Paulo ; Rua João Martins, 149 , Centro

Biblioteca Municipal Arlindo de Medeiros ; Av. Automóvel Clube, 206 - Centro 

Biblioteca Aluizio de Castro Faria ; Rua Senhor dos Passos, 121, Centro

Espaço Criativo Casa ; Rua São Gabriel, 155 

Biblioteca Elysio Pacheco Paes ; Avenida Paulino Rodrigues de Souza,  2.137, Centro.

Casa da Cultura Professor Francisco Portugal Neves ; Praça José Bechara Rafael,   Santa Maria Madalena - RJ

Casa de Cultura Adolpho Bloch ; Praça Juscelino Kubitschek, Araras, Teresópolis, RJ

Teatro de Bolso Cássia Valéria ; Rua Elpídio, 530,  Vila Emil, Centro, Mesquita - RJ

Centro Cultural Celina de Oliveira Barbosa ; Rua Capitão José Leal, Pedro do Rio, Petrópolis - RJ

Teatro Villa-Lobos ; Av. Princesa Isabel, 440 , Copacabana, Rio de Janeiro

Museu de Arte Sacra ; Praça Padre Gomes Leal

MIS – Museu da Imagem e do Som ; Rua Luiz da Rocha Miranda 117, Resende - Rio de Janeiro

Biblioteca Pública Municipal Profª Adelaide da Cunha Franco ; Rua Custódia Ferreira Leite, 1 , Centro, Barra Mansa, RJ

Centro Cultural Melchíades Cardoso ; Praça Ary Parreiras, 156, Centro, Miracema - RJ

Centro Cultural José Lavaquial Biosca ; Rua Getúlio Vargas, 316 - Centro 

Galeria Novembro Arte Contemporânea ; Rua Siqueira Campos, 143, slj 118, Copacabana

Biblioteca Pública Municipal Augusto Conrado Bordallo ; Sítio dos Xavantes, s/n - Graminha, Engenheiro Paulo de Frontin

Museu Imperial ; Rua da Imperatriz, 220, Centro, Petrópolis - RJ

Associação de Capoeira Palmares ; Rua Capitão Paulino, Areia Branca, Belford Roxo

Centro de Educação Popular ; Alameda Casimiro de Abreu, 292, Nova Esperança

Museu Casa Quissamã ; Rodovia RJ 178 s/nº sentido Dores de Macabu 

Unibanco Arteplex ; Praia de Botafogo, 316, Botafogo

Museu do Açude ; Estrada do Açude,764, Alto da Boa Vista, Rio de Janeiro    

Cinema Angra Shopping ; R. José Elias Rabha, 280, Praia das Palmeiras

Biblioteca Pública Municipal Machado de Assis ; Rua Hélvio Salles, 351 - Bairro da Saudade

Espaço Cultural São Pedro da Serra ; Rua Rodrigues Alves, 237 , São Pedro da Serra.

Lona Cultural Romildo de Souza Bastos ; Avenida Oliveiras, 537, Mesquita - RJ

Academia Valenciana de Letras ; Rua Ernesto Cunha, Valença - RJ

Biblioteca do SESC ; Rua Padre Anchieta, 56, Centro, Niterói

Toca do Arigó ; Rua Crispim Assis Pereira, 67 - Vila São Geraldo 

Teatro Leblon ; Rua Conde Bernadotte, 26, Leblon

Clube Palmares ; Rua Roma, 1, Jardim Europa, Volta Redonda - RJ

Biblioteca Pública Municipal Maria Aparecida de Almeida Mendonça Faria ; Rua Olavo de Castro Lobo, 200, Quatis - RJ

Biblioteca Municipal Acácio Ferreira Dias ; R. David da Costa Laje, s/n.

Biblioteca Pública Municipal Doutor José de Moraes Souza ; Rua Oliveira Botelho, s/n - Centro, Trajano de Moraes 

Casa da Cultura Tancredo Neves ; Rua Custódio Guimarães, 65, Centro

Museu Histórico ; Rua Rui Barbosa, s/n - Centro

Cinemagic Holiday 1 e 2 ; Rodovia Amaral Peixoto 4961, Centro.

Sala de Leitura de Rocha Leão ; Rocha Leão - Rio das Ostras 

Teatro Glaucio Gil ; Praça Cardeal Arcoverde, Copacabana, Rio de Janeiro  

Tecendo Ações no Presente ; R. Paulo Lins, 41, Jardim Vinte e Cinco de Agosto

Centro Nacional de Folclore e Cultura Popular – Museu Edison Carneiro ; Rua do Catete, 179 e 181, Catete, Rio de Janeiro   

Resgate de Cerâmica Guarani e Capacitação ; Rua Samuel Costa, 267

Biblioteca Pública Municipal de Piraí ; Rua Dr. Luiz Antônio Garcia Silveira, 16 - Piraí 

Biblioteca Doutor James Tubenchlak ; Rua Júlio Vieitas, 88 - São Sebastião do Alto

Auditório Municipal ; Rua Barão de Barcelos, 99, Centro

Cinema Grande Rio ; Rod. Pres. Dutra, 4.200, Km 4 - Parque Juriti.

Galeria de Arte Heitor dos Prazeres ; Rua Raul Lemgruber, s/n - Mutuá, São Gonçalo

Biblioteca Municipal Pedro II ; Rua Padre Luna, Valença - RJ

Teatro dos 4 ; Rua Marquês de São Vicente, 52, Gávea, Rio de Janeiro

Espaço das Artes ; Rua Portela Sales, 22, sobreloja, Centro

Teatro Municipal de Teresópolis ;  Av. Feliciano Sodré, 675 - Agriões

Clube Morro Azul ; Estrada Coelho Azul, 189, Morro Azul.

Centro de Cultura Raul de Leoni ; Praça Visconde de Mauá, 305, Centro, Petrópolis - RJ

Galeria Zoom ; Rua do Comércio, s/n,Centro

Galeria Mercedes Viegas Arte Contemporânea ; Rua João Borges 86, Gávea

Clube Finlândia ; Av. Mangueiras, 2601, Penedo. Itatiaia

Clube Foto ; Rua Dezenove, 21, Vila Santa Cecília

Biblioteca Pública Pedro Gabriel ; Rua Projetada, s/n, Frade

Teatro Municipal Átila Costa ;  Rua Francisco Santos Silva, s/n, Nova São Pedro

Biblioteca Pública de Passa Três ; Rua Victor Konder, nº 410 (Estrada que liga Passa Três a Piraí, no antigo Pré Escolar da Escola Municipal Dr. Salim A. Elias)

Teatro Sesi ;  R. Arthur Neiva, 100 , Circular.

Biblioteca do Instituto Vital Brazil ; R. Maestro José Botelho, 64 - Vital Brasil - Niterói - RJ

Galeria do SESC ; Rua Padre Anchieta, 56, 3º andar, São Domingos, Niterói

Jovens Com uma Missão ; R. Giparaná, 23 , Chácaras Arcampo.

Biblioteca Pública Municipal Professor Ítalo Mileno Lopes ; Av. Raul Veiga, 135 - Cordeiro

Biblioteca Jornalista Odejaime de Holanda Ferreira ; Av. Santana, 80 - Mangaratiba - RJ, 23860-000

Espaço Cultural França - Alemanha ; Estrada Francisco da Cruz Nunes, 6.266 - Piratininga. Niterói - RJ

Caza Leitura ; Km 12 da Rodovia Teresópolis - Friburgo, Vargem Grande

Museu da Maré ; Av. Guilherme Maxwel, 26, Bonsucesso

Teatro Municipal ; Rua Sansão Pedro David, Silva Jardim - Rio de Janeiro

Biblioteca Julieta Damasceno ; Travessa Jamil Cardoso, s/nº, Centro.

Associação Vittorio Emanuele II ; Rua Professora Dona Betina 228, Centro. Porto Real - RJ

Parque de Exposições Governador Chagas Freitas ; Rodovia 186, km 2  

Cine Santa Rosa e São João ; R. São João Batista, 128

Centro Cultural da Fase-FMP ; Av. Barão do Rio Branco, 1003, Petrópolis - RJ

Centro de Artes e Tradições Populares de Paraty ; Morro da Vila Velha, Pontal

Museu Histórico do Duque de Caxias e da Taquara ; Av. Automóvel Clube, Taquara.

Casa D’Arte ; Rua Pedro Gomes, 26, Conservatória - RJ

SESC Grussaí ; Rua Antônio Gonçalves Carvalho, s/nº

Espaço Ferrini ; Rua João Batista Ferrini

SESC São Gonçalo ; Av. Presidente Kennedy, 755, Centro, São Gonçalo

Museu Antônio Parreiras ; Rua Tiradentes, 47, Ingá 

Academia Brasileira de Letras ; Av Presidente Wilson, 203, Centro 

Museu Aeronaval ; R. Comandante Ituriel,   São Pedro da Aldeia 

Anita Schwartz Galeria de Arte ; Rua José Roberto Macedo Soares, 30, Gávea

Museu Eva Hilden da Cultura Finlandesa de Penedo ; Rua das Mangueiras 2601 - Itatiaia - RJ

Biblioteca Pública Municipal Frei Afonso Jorge Braga ; Rua 15 de Novembro, Mangaratiba - Rio de Janeiro

Arquivo Nacional ; Praça da República, 173, Centro.

Biblioteca Municipal Adalmar Correia da Silva ; Praça 31 de Março, 31, Governador Portela

Biblioteca Tarsila Poiares ; Rua L, nº 60, Parque Aeroporto

Sesc São João de Meriti ; Avenida Automóvel Clube, 66.

Biblioteca  Guilherme Briggs ; Avenida Marquês de Tamandaré, Velrome

Fundação Porto Real ; Rua Ernesto Cianelli, 117 - Porto Real RJ

Centro Cultural de Porciúncula ; Av. Alzira Vargas, Centro, Porciúncula - RJ

Centro Cultural Higino ; Rua Jorge Lossio, 207, Alto, Teresópolis

Feira de Artesanato ; Avenida Amazonas s/n.

Museu Casa da Hera ; Rua Doutor Fernandes Júnior, 160,Centro

Circo Voador ; Rua dos Arcos, Lapa.

Cineclube Lumiar ; Em frente ao Lago, no centro de Lumiar - RJ

Biblioteca Pública Municipal de São Francisco de Itabapoana ; Avenida Vereador Edenites da Silva Viana,173, Centro

Casa do Amarelo ; Estrada Pádua - Itaocara, Km 05, Baltazar

Ateliê Arte do Fogo ; Rua Santo Antônio, 84, Conservatória - RJ

Galeria A Gentil Carioca ; Rua Gonçalves Lêdo, 17, Centro

Museu de Arte Sacra de Paraty ; Largo de Santa Rita, s/n, Centro Histórico, Paraty

Teatro Armando Gonzaga ; Av. General Osvaldo Cordeiro de Faria, 551 -  Marechal Hermes 

Casa de Cultura de Conservatória ; Rua Monsenhor Paschoal Librelotto, 307, Conservatória

Museu Ciência e Vida ; R. Ailton Costa, s/n, Jardim 25 de Agosto

Biblioteca Pública Municipal Carlos de Souza ; Avenida Leny Ferreira, 224 - Japeri 

Praça dos Eucaliptos ; Praça dos Eucaliptos, Centro - Queimados 

Biblioteca Córrego do Ouro ; Avenida Miguel Peixoto Guimarães,  359, Córrego do Ouro

Espaço Cultural Nosso Alemão – Escuna ; Rua Pedro Avelino, s/n  -  Estação de Teleférico do Morro do Adeus.

Bistrô Conexão Brasil ; Rua José Veríssimo, 173, Vila Meriti.

Museu de Arte Naif ; Rua Cosme Velho, 561, Rio de Janeiro

Teatro Municipal Oswaldo Motta ; Rua São José, 132, Itatiaia - Rio de Janeiro

Arena Cultural da Ilha Grande ; Rua Beira Mar, Aeroporto

Memorial Brigitte Bardot ; Avenida José Bento Ribeiro Dantas, 1174 - Centro, Armação dos Búzios - RJ

Centro  Cultural Professor Cary Cavalcanti ; Rua Fagundes Varela,146 , Mangaratiba - RJ

Anfiteatro ; Praça Frei Baltazar, Centro - Carapebus, RJ

Anfiteatro ; Praça Juscelino Kubitschek, s/nº, Bairro de Fátima

Cineclube Porciúncula ; Praça Antônio Amado

Teatro Café Pequeno ; Av. Ataulfo de Paiva, 269, Leblon, Rio de Janeiro          

Biblioteca Pública Mário Lago ; Rua Julieta Macedo, s/nº, Centro, Tanguá

Centro de Desenvolvimento Territorial ; Palácio Cultural Carlos Martins, Rua dos Passos, 121, Centro

Grupo de União e Consciência Negra ; Rua Antonio Veloso, 98, Cidade Alta.

Biblioteca Municipal Dr. Francisco Peralta ; Rua Luis Pamplona, 122 , Centro, Miguel Pereira, RJ

Teatro Armando Melo ; Rua Frei Fidélis, Jardim Vinte e Cinco de Agosto.

Biblioteca Municipal Profª Ester Molheiros Mociokas ; Rodovia RJ-125 , Conrado, Miguel Pereira, RJ

Sala José Cândido de Carvalho ; Rua Presidente Pedreira, 98, Ingá, Niterói

Galeria Amarelonegro Arte Contemporânea ; Rua Visconde de Pirajá, 111, lj 6, Ipanema     

Ponto de Cultura Espaço de Leitura ; Avenida Manschester, 33, Ponte Alta.

Cines Brasília e Esperanza ; Praça Pedro Cunha, s/n, Centro

Centro Cultural Aracy Di Biase ; Rodovia Benjamin Ielpo, Km 11, Estrada Barra do Piraí-Valença

Lona Cultural Lídia Maria da Silva ; Praça Jornalista Valfrido Rocha - Jardim Catarina - São Gonçalo - RJ

Barracão Cultural de Gargaú ; Praça São Pedro, São Francisco de Itabapoana - Rio de Janeiro

Cine Teresópolis ; Rua Edmundo Bittencourt, 101, loja 201, Várzea 

Pelos Caminhos do Jongo ; Estrada Santa Rita, 1, Sertão do Bracuí 

Ponto de Cultura de Olaria ; Rua Prof. Gustavo Lira, 209 - Olaria, Nova Friburgo - RJ

Sala de Leitura Nélida Piñon ; Estrada Maria Elisa Mendes, s/nº - Morro Azul

Biblioteca Pública Municipal de Carapebus ; Rua Getúlio Vargas, s/nº, Centro - Carapebus, RJ

Centro Cultural Cartola ; Rua Visconde de Niterói, 1296, Mangueira, Rio de Janeiro   

Talentos da Roça, Cultura e Cidadania ; Rua Geraldino Silva, s/nº, Purilândia, Porciúncula - RJ

Biblioteca Pública Municipal Dona Mariúcha ; Rua São José, 132, Itatiaia - Rio de Janeiro

Centro Cultural Visconde de Mauá ; Avenida Wenceslau Brás, s/n, Resende - RJ

Brinquedoteca ;  Rua Ministro Sebastião de Lacerda, Paracambi (Na sede da Fábrica do Conhecimento)

Biblioteca Parque da Rocinha ; Estrada da Gávea, 454, Rocinha. 

Museu Casa do Colono ; Rua Cristóvão Colombo, 1.034 - Castelânea

Centro Cultural Mudart ; Rua Correia Meyer, 160, Jardim Vinte e Cinco de Agosto.

Sala Cecília Meireles ; Largo da Lapa, 47 , Centro, Rio de Janeiro    

Centro Cultural Ferroviário de Itacuruçá ; Avenida Santana, 80, Itacuruçá, Mangaratiba  - RJ

Centro de Memória do Carnaval ; Av. Rio Branco, 4, Centro, Rio de Janeiro 

Galeria Anna Maria Niemeyer ; Rua Marques de São Vicente, 52, lj 205, Gávea.

SESC Três Rios ; Rua Nelson Viana, 327, Três Rios, RJ  

CAC - Centro de Arte e Cultura da UFRRJ ; BR-465, 2007, Avenida ministro Fernando Costa, Seropédica - RJ

Instituto Histórico da Câmara Municipal ; Câmara de Vereadores, Rua Paulo Lins, 41, Jardim Vinte e Cinco de Agosto.

Teatro Popular Oscar Niemeyer ; Avenida Professor Plínio Leite, Centro, Niterói

Espaço Carequinha ; Praça Estephânia de Carvalho,  Zé Garoto, São Gonçalo - RJ

Concha Acústica ; Praça Castelo Branco

Biblioteca Infantil Anísio Teixeira ; Rua Lopes Trovão, s/nº, Icaraí, Niterói

SESC Teresópolis ;  Avenida Delfim Moreira, 749, Várzea

Teatro Ipanema ; Rua Prudente de Morais, 824, Ipanema   

Cineclube Humberto Mauro ; Associação Calçada da Cultura - Rua Coronel Francisco Limongi, s/nº, bairro da Estação

Taberna da Amendoeira ; Rua Izarina Lourenço Cabral, 552

Centro Cultural Oscar Niemeyer ; Praça Pacificador s/n, Centro, Duque de Caxias.

Museu do Cárcere ; Rua Amapá, s/n, Vila Dois Rios, Ilha Grande

Biblioteca Eloy Vieira Lannes ; Praça Antônio Amado, s/n - Centro

Casa da Cultura Macedo Miranda ; Rua Luiz da Rocha Miranda, 117, Campos Elisios, Resende - Rio de Janeiro

Museu de Favela ; Acesso por elevador panorâmico, na rua Teixeira de Melo, Ipanema.

Ponto de Cultura Mensageiro dos Reis Magos ; Rua Dr. Mário Freire Martins,  sala 5, Centro. 

Espaço Cultural Tom de Búzios ; R. Tom Jobim, 57   Armação dos Búzios - RJ, 28950-000

Se Liga na Praça ; Rua Escritora Maria Cottas, 574, sala 1.

Centro de Memória da Universidade Rural ; BR 465, Km 7, Avenida Ministro Fernando Costa, Seropédica , RJ

Cineclube Estação Cine São Pedro ; Rua Francisco Santos Silva, s/n°, Nova São Pedro. 

Galeria Progetti ; Travessa do Comercio, 22, Centro.

Biblioteca Municipal Fábio Villaboim ; Largo Santa Rita,  s/n (antiga cadeia)

Museu da Cultura Nordestina ; Rua General Taumaturgo, s/n, lote 4, quadra 23 , Vila Rosário - Duque de Caxias - RJ

Cine Três Rios 1 ; Praça São Sebastião, 335 - Loja 32 - Ed. Olga Sola, Três Rios, RJ

Espaço Único Vale do Café ; Rua  Diogo de Macedo, Ipiabas, Barra do Piraí - RJ

Sala Popular de Cinema Anselmo Duarte ; Av. São João Evangelista, s/n - Engenheiro Pedreira - Japeri

Espaço Cultural Wilson Guedes Pinto ;  Rua Expedicionário Oswaldo de Almeida Ramos, Centro - Vassouras

Biblioteca Popular Aguinaldo de Macedo ; Rua Tenente Osório, 73, Fonseca. Niterói - RJ

Casa de Cultura ; Praça Orlando de Barros Pimentel, s/nº, Centro.

Escola Municipal de Dança Helba Nogueira ; Prédio da Onda, Praça José Pereira Câmara, s/n, Centro

Casa de Cultura Mário Machado Nicoliello ; Rua Mozart Serpa de Carvalho 190, Bom Jardim - Rio de Janeiro

Vagão da Leitura ; Praça Manoel de Mello Afonso, s/nº

Biblioteca Pública Municipal Francisca Maria de Souza ; Avenida José Bento Ribeiro Dantas 815 - Centro   Armação dos Búzios - RJ

Espaço Cultural Sérgio Porto ; Rua Humaítá, 163, Humaitá.

Teatro Poeira ; Rua São João Batista, 104, Botafogo  

Centro Cultural Bernardino Lopes ; Praça Bernardino Lopes, s/nº, Boa Esperança.

Biblioteca Municipal Raul de Leoni ; Rua Dezesseis, s/nº, Vila Santa Cecília

Casa de Cultura Laranjeiras ; Largo do Mercado, Praça Zumbi dos Palmares, 125, Centro

Museu do Mar ; Praça Daniel Barreto, s/nº, Praia dos Anjos.

Teatro Gustavo Dutra - Gustavão ; BR 465, Km 7, Avenida Ministro Fernando Costa, Seropédica , RJ

Teatro do Espaço DCE/UFF ; Av. Visconde do Rio Branco, 625, Centro, Niterói

Casarão Cultural Memórias do Vale ; Praça São João, 21 - Arrozal, Piraí

Teatro Municipal ; Av. Rui Barbosa, 780 - Centro, Macaé - RJ, 27915-010

Espaço Cultural Herivelto Martins ; Praça Nilo Peçanha, s/n, Centro

Biblioteca Municipal Olavo Bilac ; Rua Joaquim Pinto Portela, 118 - Vila Isabel

Cinema Boulevard ; Av. Presidente Kennedy, 425, Porto da Pedra, São Gonçalo - RJ

Biblioteca Pública Municipal Corina Peixoto de Araújo ; Praça Guilherme Tito de Azevedo,135, Centro

Teatro Acadêmico da Aman ; Rod. Pres. Dutra, km 306, Resende - RJ

Galeria Tempo ; Av. Atlântica 1782, loja E, Copacabana      

Oficina-Escola As mãos de Luz ; Vale dos Peões s/nº, Lumiar - RJ

Centro Cultural Eugênio Ruótulo ;  Rua Alfredo Maurício da Silva, 64

Centro Cultural Professor Antônio Pacheco Leão ; Rua Desembargador Aniceto de Medeiros Correia, 156, Centro

Espaço Municipal de Cultura ; Avenida Castelo Branco, 61, Centro. 

Cinemaxx Imperial ; Rua Dominique Level 30, esquina com Rua Cel Othon, Paracambi- RJ

Centro Cultural Teófilo Massad ; Praça Guarda Marinha Greenhalgh, São Bento, Angra dos Reis.

Biblioteca Nilo Peçanha ; Av. Atlântica, s/nº, Farol de São Thomé

Museu de Natividade ;  Avenida Mauro Alves Ribeiro Junior, 50, Natividade - RJ

Museu da FEB ; Av. Koeler, 255, Centro,  Petrópolis - RJ

Casa da Cultura José Francisco Madeira de Viveiros ; Rua Alberto Torres, Mendes, RJ, 26700-000 

Sesc Duque de Caxias ; Rua General Argolo, 47, Jardim Vinte e Cinco de Agosto.

Bibliotecas ; Praça Teixeira Campos, Pinheiral - RJ

Casa de Arte e Cultura Julieta de Serpa ; Praia do Flamengo, 340, Rio de Janeiro  

Beco da Poesia ; O Beco vai da Rua Coronel Moreira da Silva até a Avenida Vereador Célio Lopes, em frente à Praia de Mangaratiba.

Box Cinemas São Gonçalo Shopping ; Av. São Gonçalo, 100, Boa Vista - São Gonçalo - RJ

Biblioteca Municipal Rosemar Pimentel ; Rua Luís Barbosa, 200, Matadouro, Barra do Piraí - RJ

Teatro Matias Neto ; Rua Conde de Araruama, 439 - Centro   Macaé - RJ, Brasil

Teatro Tablado ; Av. Lineu de Paula Machado, 795, Lagoa 

Museu Eila e Martti Ampula ; Travessa da Galeria, 55 - Penedo - próximo a Itatiaia - RJ

Biblioteca de Conselheiro  Josino ; Rua Teothônio Ferreira de Araújo, s/nº - Conselheiro Josino 

Biblioteca Popular Cora Coralina ; Rua Visconde de Uruguai, 300, Centro - Niterói

Biblioteca Leonor Leite Bastos de Souza ; Praça Dr. Orlando de Barros Pimentel, s/nº, Centro.

Espaço das Artes Zélia Arbex ; Rua 14, s/n, Vila Santa Cecília

Clube Municipal Cassino ; Praça Presidente Castelo Branco

Sala de Cultura Espaço das Artes ; Avenida Cardoso Moreira, 431, sala 209, Centro

Estação Ferroviária de Tanguá ; Rua Julieta Macedo, s/nº, Centro, Tanguá

Biblioteca Municipal  Maurício de Lacerda ; Rua Custódio Guimarães, 65, Centro

Biblioteca Municipal Profª Ana de Sá Alves ; Rua Presidente Vargas, 98, Rio Claro- RJ

Biblioteca Municipal Victorino Carriço ;  Av. Liberdade - PR Anjos, Arraial do Cabo - RJ, 28930-000 

Cinesercla Itaguaí ; Rodovia Rio Santos, lote B - loja 1061 -  Bairro Zona Industrial

Casa de Música Geraldo Carneiro ; Rua Dr Bento Costa Júnior, 70 

Biblioteca Governador Leonel de Moura Brizola ; Praça Pacificador, Centro

Museu Histórico da Cidade do Rio de Janeiro ; Estrada Santa Marinha, s/n, Gávea

Biblioteca Pública Municipal de Seropédica ; BR-465, 42, Avenida Ministro Fernando Costa, Seropédica - Rio de Janeiro

Biblioteca Municipal Castro Alves ; Rua Barão de Entre-Rios, s/n°, Centro

Biblioteca Pública Municipal Guiomar Rocha Rinaldi ; Rua Alberto Torres

Casa do Papai Noel ; Rua das Velas, 100 - Penedo - próximo a Itatiaia - RJ

Biblioteca Pública Municipal Áurea Lioi Macias ; R. Estevam Domingos Pederassi, 340 - Porto Real

Teatro Abel ; Rua Mário Alves, 2 - Icaraí - Niterói 

Biblioteca Pública Municipal Doutor James Tubenchlak; na Rua Coronel Francisco Limongi 

Biblioteca do Colégio Estadual Coronel João Limongi; na  Rua Alfredo Mauricio da Silva 

Biblioteca do Colégio Cenecista do Vale do Rio Preto; na Rua Manoel Damas

Oi Futuro ; Rua Dois de Dezembro, 63 (Oi Futuro Flamengo) e Rua Visconde de Pirajá, 54 (Oi Futuro Ipanema)

Concha Acústica ; Praça Joaquim José Ferreira, S/Nº - Centro Comendador Levy Gasparian - RJ 25870-000

Centro Cultural José Bonifácio ; Rua Pedro Ernesto, 80, Gamboa

Anfiteatro Alcenor Lengruber Boechat ; Rua Vigário João Batista, 6, Natividade -RJ

Galeria Gustavo Rebello Arte ; Av Atlântica, 1702, Loja 8, Copacabana  

Casa da Diversidade Étnica e Cultural ; Rua 18, nº100, Rasa (Vila Verde).

Centro Cultural Anthony Garotinho ; Rua Gil de Gois, 132 , Centro 

Casa de Cultura Poeta Brasil dos Reis ; Rua do Comércio, 172, Centro

Teatro Arthur Azevedo ; Rua Victor Alves, 454, Campo Grande.

Museu da Imprensa Brasileira ; Rua Marquês de Olinda 29, Centro,  Niterói - Rio de Janeiro

CEMUSA – Centro Municipal de Música e Arte ; Praça Carlos Gomes, Mendes, RJ

Biblioteca Pública Ferreira Gullar ; Praça Engenheiro Leão de Moura, s/n, Vila Operária,  Xerém.

Centro Cultural Manoel Camargo ; Av. da Liberdade, s/n, Centro

Galeria de Arte Cia do Livro ; Avenida Expedicionário Oswaldo de Almeida Ramos, 305, Centro

Biblioteca Popular Albertina Barros ; Estrada Caetano Monteiro, 820 - Badu, Niterói - RJ

Casa de Cultura Helio Nogueira ; Praça Fonseca Portela, s/nº, Centro, Rio Bonito

Galeria Marcia Barroso do Amaral ; Avénida Atlântica, 4240, lj 129, Copacabana.

Biblioteca do SESC ;  Rua Nelson Viana, 327, Centro, Três Rios, RJ

Cine Afonso Arinos ; Avenida Amaral Peixoto, 867, Afonso Arinos

Biblioteca Municipal Doutor Caio Buarque de Nazareth ; Avenida Senador Francisco Sá Tinoco, 927, Centro

Cinesercla Nilópolis ; Rua Professor Alfredo Gonçalves Filgueiras, 100 - Lojas 327/328 - Centro

Teatro SESI Macaé ; Alameda Etelvino Gomes, 155 - Riviera Fluminense , Macaé 

Cine Show Volta Redonda ; Sider Shopping: Rua Brás Magaldi Fernandes, 300, 4º Piso

Biblioteca Municipal de Lídice ; Rua Vereador Guilherme Soares de Araújo, 40, Lídice, Rio Claro - RJ

Centro de Eventos Populares Osório Peixoto ; Avenida Alberto Lamego, s/n, Parque Vila Rainha

Cine Glória ; Praça Visconde do Rio Preto, Valença - RJ

Auditório do Colégio Santa Isabel ; Rua do Imperador, 689, Centro, Petrópolis - RJ

Candongueiro ; Estrada Velha de Maricá, 1.554, Rio do Ouro, Niterói

Biblioteca Pública Municipal Celso Peçanha ; Rua XV de Novembro, 210/1º andar, Centro, Rio Bonito - RJ

Biblioteca Pública Municipal Junito de Souza Brandão ; R. Sebastiana Rodrigues Leal, 71, Aperibé - Rio de Janeiro

Espaço Cultural Observatório de Talentos ;  Praça Alípio Cardoso, s/nº, Centro

Galpão do Carnaval ; Rua Marechal Deodoro 442 

Sociedade Musical e Dramática Riobonitense ; Avenida Manuel Duarte, 981, Centro.

Biblioteca Comunitária Monteiro Lobato ; Rua Coronel Sisson, 15 

Espaço Ipaum Guaçu ; R. do Bicão - Vila do Abrâo Angra dos Reis - RJ

Centro de Artes e Cultura Erody Lopes Rubim ;  Rua Sebastião da Penha Rangel, Centro

Galeria Laura Marsiaj Arte Contemporânea ; Rua Teixeira de Melo, 31, Ipanema

Biblioteca Professor Francisco de Assis Pereira ; Rua Intendente Franklin Rabello, 8, Sindicato, Natividade - RJ

Teatro de Bolso Procópio Ferreira ; Avenida Quinze de Novembro, 35, Centro

Bibliotecas de Carmo ; Carmo - RJ

Centro de Memória do Imigrante ; Av. Paiva, s/nº, Ilha Das Flores, Neves, São Gonçalo - RJ 

Teatro Oi Casa Grande ; Av. Afrânio Melo Franco, 290, Leblon, Rio de Janeiro  

Espaço Cara da Terra ; Estrada Miracema Flores, s/nº

Cine Glória ; Rua Amadeu Tinoco Lacerda, 6, Centro

Casa de Cultura Emílio Gato ; Rua José de Jesus Jr, s/n, Sana. 

Ponto de Cultura de Riograndina ; Rua Francisco Caetano da Silva, s/nº - Riograndina

Teatro Mariano ; Rua Frei Rogerio, 95, Centro, Petrópolis - RJ

Cine 9 de Abril ; Rua Desembargador Toledo Piza, 157, Centro, Volta Redonda - RJ

Instituto Moreira Salles ; R. Marquês de São Vicente, 476, Gávea, Rio de Janeiro     

Centro Cultural Banco do Brasil ; Rua Primeiro de Março, 66, Centro

Museu de História Regional Padre Sebastião Pereira da Silva ; Rua 31 de Março, Rio das Flores - RJ

Centro Cultural Abrigo de Bondes ; Rua Marquês de Paraná, 100, Centro, Niterói 

Cine Mais ; Praça Governador Portela, 67, Centro, Bom Jesus do Itabapoana, Rio de Janeiro

Centro Cultural Justiça Federal ; Av. Rio Branco, 241, Centro, Rio de Janeiro 

Casa Cláudio de Souza ; Praça da Liberdade, 247, Centro, Petrópolis - RJ, 25685-050

Teatro Glauce Rocha ; Avenida Rio Branco, 179, Centro

Espaço Unibanco de Cinema ; Rua Voluntário da Pátria, 35, Botafogo 

Biblioteca Pública Municipal Tiradentes ; Rua Antonio Augusto de Amorim, 191, Cajú, Silva Jardim - RJ

Cine Creso Pereira ; Rua Professor Paulo Sergio de Nader Pereira, 300 A, Centro

Museu de Arte Religiosa ; Largo de Santo Antônio - Centro,   Cabo Frio

Auditório do Centro de Estudos Pastorais ; Santa Terezinha, a 1Km do Centro de Varre-Sai

Casa de Pedra ; Rua Barão de Entre-Rios, s/n°, Centro, Três Rios, RJ

Museu Bispo do Rosário ; Estrada Rodrigues Caldas, 3400, Taquara	

Teatro Múcio da Paixão ; Avenida Doutor Alberto Torres, 397, Centro

Teatro Sesi ; Avenida Deputado José de Cerqueira Garcia, 883, Presidente Costa e Silva

Galeria Central ; Rua Dr. Francisco Portela, 100, Centro, São Gonçalo - RJ

Casa da Cultura ; Rua Getúlio Vargas, 51, Centro 

Museu Ferroviário de Valença ; Rodoviária Princesa da Serra, Centro, Valença - RJ

Teatro Celso Peçanha ; Rua Bernardo Bello, 20, Praça São Sebastião, Centro

Centro Cultural Paschoal Carlos Magno ; Rua Lopes Trovão, s/nº, Icaraí - Niterói

IFRJ ; Rua José Breves, 550, Pinheiral - RJ

Biblioteca Municipal Rogério Gonçalves Figueiredo ; Rua Expedicionário Paulo Moreira, 67, Centro, Bom Jesus do Itabapoana, Rio de Janeiro

Casa de Cultura Laura Alvim ; Av. Vieira Souto, 176, Ipanema, Rio de Janeiro   

Museu da Imagem e do Som (MIS) ; Rua Visconde de Maranguape, 15, (MIS Lapa) e  Praça XV, 01, Centro (MIS Praça VX)  

Cinemagic Shopping Plaza Macaé ; Avenida Aluisio da Silva Gomes, 800, Granja dos Cavaleiros.

Cinemax Casario Shopping ;  Casario Shopping - Rua Barão de Vassouras, 19, 2º andar, Centro 

Biblioteca Central do Gragoatá ; Av. Rio Branco, s/nº, Gragoatá, Niterói

Cinema Municipal ; Av. Liberdade - PR Anjos, Arraial do Cabo - RJ, 28930-000 

Cine Santa Teresa ; Largo do Guimarães, 136, Santa Teresa.

Espaço Cultural Luis Ronaldo Rodrigues de Almeida ; Estr Pres Pedreira, 117 , Ponte do Rocha

Casa da Cultura Manoel Gonçalves de Souza Portugal ; Praça Fagundes Varela, 14, Rio Claro - RJ

Galeria de Arte ICBEU ; Rua Dr. Francisco Portela, 2772, Zé Garoto, São Gonçalo - RJ

Cine Show Resende ; Av. Saturnino Braga, nº 369, sala 214 a 217, Centro , Resende 

Teatro Sesc Nova Iguaçu ;  Rua Dom Adriano Hipólito, 10 

Teatro Sesi Campos ;  Rua Bruno Azevedo, 37, Jardim Maria Queiroz

Museu de Armas e Brasões ; Rua Francelina Ullmann, 682, Magé - RJ

Cine Teatro São João ; Rua Professor Glayds Teixeira, 233, Centro

Teatro Municipal de Itaguaí ; Rua Amélia Louzada, 311, Centro, Itaguaí.

Fundição Progresso ;  Rua dos Arcos, 24, Lapa

Casa da Cultura ; Rua Padre Antonio Pinto, 9, Centro, Silva Jardim - RJ

Casa de Cultura ; Rua Comendador Sá, 105, Piraí - Rio de Janeiro

Grêmio Cultural GACEMSS ; Rua Quatorze, 315,Vila Santa Cecília

Casa do Nós ; R. Beatriz Amaral Pereira, 76 Saquarema - RJ, 28990-000

Teatro SESC Niterói ; Rua Padre Anchieta, 56, São Domingos - Niterói

Escola de Artes Visuais do Parque Lage ; Rua Jardim Botânico, 414, Jardim Botânico

Theatro Municipal do Rio de Janeiro ; Praça Floriano, Centro.

Biblioteca Parque de Manguinhos ; Av. Dom Helder Câmara, 1184, Benfica.

Museu Nacional de Belas Artes ; Av. Rio Branco, 199, Centro, Rio de Janeiro

Museu do Ingá ; Rua Presidente Pedreira, 78, Ingá - Niterói

Museu de Arte Contemporânea ; Av. General Milton Tavares Souza - Mirante da Boa Viagem

Casa Santos Reis ; Rodovia RJ -151 , n.14728, junto  à entrada do Conjunto Habitacional do distrito de Manuel Duarte - Rio das Flores

Biblioteca Pública Rodolfo Arldt ; Avenida Jornalista Moacyr Padilha, s/n, Jardim Primavera

Casa da Cultura ; Rua Dona Geralda 177, Centro Histórico

Biblioteca Nacional ; Av Rio Branco, 219, Centro, Rio de Janeiro   

Teatro do Quitandinha ; Rua Joaquim Rolla, 2, Quitandinha, Petrópolis - RJ

Teatro de Bolso Jorge Coutinho ; Rua Tiradentes, 272, Centro

Museu de Arte do Rio - MAR ; Praça Mauá, 5, Centro.

Casa França-Brasil ; Rua Visconde de Itaboraí 78, Centro.

